Material Scientists,T,F,Date
,,,
Aw Mohammad,1,0,7-Jul-05
A Benamor,1,0,7-Jul-05
PV Chai,1,0,7-Jul-05
MM Ba-Abbad,0,1, 
HR Mahmound,0,1, 
Ee Ebenso,1,0,7-Jul-05
As Adekunle,1,0,7-Jul-05
D Boikanyo,1,0,7-Jul-05
AR Aina,1,0,8-Jul-05
AM Hajar,1,0,8-Jul-05
AK Syafuqah,1,0,8-Jul-05
SM Ahmad,1,0,8-Jul-05
N Said,0,1,8-Jul-05
D Boikanyo,1,0,8-Jul-05
K Yilmaz,1,0,9-Jul-05
ND Yilmaz,1,0,9-Jul-05
Q Ma,1,0,7-Jul-05
K Wang,1,0,
AC Bose,1,0,8-Jul-05
PM Shafi,1,0,23-May-16
K  Gokulakrishnan,1,0,
R Shanmugaselvan,1,0,
K Karthikeyan,1,0,26-Sep-16
JR Vishal,1,0,26-Sep-16
Bose AC,0,1,
